clock,pid,state,cpu_done,cpu_total,io_done,io_total
1,2,READY,0,130,0,13
1,3,READY,0,78,0,96
1,4,READY,0,76,0,182
1,5,READY,0,23,0,124
1,1,RUNNING,1,28,0,196
2,2,READY,0,130,0,13
2,3,READY,0,78,0,96
2,4,READY,0,76,0,182
2,5,READY,0,23,0,124
2,1,WAITING,2,28,0,196
3,3,READY,0,78,0,96
3,4,READY,0,76,0,182
3,5,READY,0,23,0,124
3,1,WAITING,2,28,1,196
3,2,RUNNING,1,130,0,13
4,3,READY,0,78,0,96
4,4,READY,0,76,0,182
4,5,READY,0,23,0,124
4,1,WAITING,2,28,2,196
4,2,RUNNING,2,130,0,13
5,3,READY,0,78,0,96
5,4,READY,0,76,0,182
5,5,READY,0,23,0,124
5,1,WAITING,2,28,3,196
5,2,RUNNING,3,130,0,13
6,3,READY,0,78,0,96
6,4,READY,0,76,0,182
6,5,READY,0,23,0,124
6,1,WAITING,2,28,4,196
6,2,RUNNING,4,130,0,13
7,3,READY,0,78,0,96
7,4,READY,0,76,0,182
7,5,READY,0,23,0,124
7,2,READY,5,130,0,13
7,1,WAITING,2,28,5,196
8,4,READY,0,76,0,182
8,5,READY,0,23,0,124
8,2,READY,5,130,0,13
8,1,WAITING,2,28,6,196
8,3,RUNNING,1,78,0,96
9,4,READY,0,76,0,182
9,5,READY,0,23,0,124
9,2,READY,5,130,0,13
9,1,WAITING,2,28,7,196
9,3,RUNNING,2,78,0,96
10,4,READY,0,76,0,182
10,5,READY,0,23,0,124
10,2,READY,5,130,0,13
10,1,WAITING,2,28,8,196
10,3,WAITING,3,78,0,96
11,5,READY,0,23,0,124
11,2,READY,5,130,0,13
11,1,WAITING,2,28,9,196
11,3,WAITING,3,78,1,96
11,4,RUNNING,1,76,0,182
12,5,READY,0,23,0,124
12,2,READY,5,130,0,13
12,1,WAITING,2,28,10,196
12,3,WAITING,3,78,2,96
12,4,WAITING,2,76,0,182
13,2,READY,5,130,0,13
13,1,WAITING,2,28,11,196
13,3,WAITING,3,78,3,96
13,4,WAITING,2,76,1,182
13,5,RUNNING,1,23,0,124
14,2,READY,5,130,0,13
14,1,WAITING,2,28,12,196
14,3,WAITING,3,78,4,96
14,4,WAITING,2,76,2,182
14,5,RUNNING,2,23,0,124
15,2,READY,5,130,0,13
15,1,WAITING,2,28,13,196
15,3,WAITING,3,78,5,96
15,4,WAITING,2,76,3,182
15,5,RUNNING,3,23,0,124
16,2,READY,5,130,0,13
16,1,WAITING,2,28,14,196
16,3,WAITING,3,78,6,96
16,4,WAITING,2,76,4,182
16,5,WAITING,4,23,0,124
17,1,WAITING,2,28,15,196
17,3,WAITING,3,78,7,96
17,4,WAITING,2,76,5,182
17,5,WAITING,4,23,1,124
17,2,WAITING,6,130,0,13
18,1,WAITING,2,28,16,196
18,3,WAITING,3,78,8,96
18,4,WAITING,2,76,6,182
18,5,WAITING,4,23,2,124
18,2,WAITING,6,130,1,13
19,1,WAITING,2,28,17,196
19,3,WAITING,3,78,9,96
19,4,WAITING,2,76,7,182
19,5,WAITING,4,23,3,124
19,2,WAITING,6,130,2,13
20,1,WAITING,2,28,18,196
20,3,WAITING,3,78,10,96
20,4,WAITING,2,76,8,182
20,5,WAITING,4,23,4,124
20,2,WAITING,6,130,3,13
21,1,WAITING,2,28,19,196
21,3,WAITING,3,78,11,96
21,4,WAITING,2,76,9,182
21,5,WAITING,4,23,5,124
21,2,WAITING,6,130,4,13
22,1,WAITING,2,28,20,196
22,3,WAITING,3,78,12,96
22,4,WAITING,2,76,10,182
22,5,WAITING,4,23,6,124
22,2,WAITING,6,130,5,13
23,1,WAITING,2,28,21,196
23,3,WAITING,3,78,13,96
23,4,WAITING,2,76,11,182
23,5,WAITING,4,23,7,124
23,2,WAITING,6,130,6,13
24,1,WAITING,2,28,22,196
24,3,WAITING,3,78,14,96
24,4,WAITING,2,76,12,182
24,5,WAITING,4,23,8,124
24,2,WAITING,6,130,7,13
25,1,WAITING,2,28,23,196
25,3,WAITING,3,78,15,96
25,4,WAITING,2,76,13,182
25,5,WAITING,4,23,9,124
25,2,WAITING,6,130,8,13
26,1,WAITING,2,28,24,196
26,3,WAITING,3,78,16,96
26,4,WAITING,2,76,14,182
26,5,WAITING,4,23,10,124
26,2,WAITING,6,130,9,13
27,1,WAITING,2,28,25,196
27,3,WAITING,3,78,17,96
27,4,WAITING,2,76,15,182
27,5,WAITING,4,23,11,124
27,2,WAITING,6,130,10,13
28,1,WAITING,2,28,26,196
28,3,WAITING,3,78,18,96
28,4,WAITING,2,76,16,182
28,5,WAITING,4,23,12,124
28,2,WAITING,6,130,11,13
29,1,WAITING,2,28,27,196
29,3,WAITING,3,78,19,96
29,4,WAITING,2,76,17,182
29,5,WAITING,4,23,13,124
29,2,WAITING,6,130,12,13
30,1,WAITING,2,28,28,196
30,3,WAITING,3,78,20,96
30,4,WAITING,2,76,18,182
30,5,WAITING,4,23,14,124
30,2,RUNNING,7,130,13,13
31,1,WAITING,2,28,29,196
31,3,WAITING,3,78,21,96
31,4,WAITING,2,76,19,182
31,5,WAITING,4,23,15,124
31,2,RUNNING,8,130,13,13
32,1,WAITING,2,28,30,196
32,3,WAITING,3,78,22,96
32,4,WAITING,2,76,20,182
32,5,WAITING,4,23,16,124
32,2,RUNNING,9,130,13,13
33,1,WAITING,2,28,31,196
33,3,WAITING,3,78,23,96
33,4,WAITING,2,76,21,182
33,5,WAITING,4,23,17,124
33,2,RUNNING,10,130,13,13
34,1,WAITING,2,28,32,196
34,3,WAITING,3,78,24,96
34,4,WAITING,2,76,22,182
34,5,WAITING,4,23,18,124
34,2,RUNNING,11,130,13,13
35,1,WAITING,2,28,33,196
35,3,WAITING,3,78,25,96
35,4,WAITING,2,76,23,182
35,5,WAITING,4,23,19,124
35,2,RUNNING,12,130,13,13
36,1,WAITING,2,28,34,196
36,3,WAITING,3,78,26,96
36,4,WAITING,2,76,24,182
36,5,WAITING,4,23,20,124
36,2,RUNNING,13,130,13,13
37,1,WAITING,2,28,35,196
37,3,WAITING,3,78,27,96
37,4,WAITING,2,76,25,182
37,5,WAITING,4,23,21,124
37,2,RUNNING,14,130,13,13
38,1,WAITING,2,28,36,196
38,3,WAITING,3,78,28,96
38,4,WAITING,2,76,26,182
38,5,WAITING,4,23,22,124
38,2,RUNNING,15,130,13,13
39,1,WAITING,2,28,37,196
39,3,WAITING,3,78,29,96
39,4,WAITING,2,76,27,182
39,5,WAITING,4,23,23,124
39,2,RUNNING,16,130,13,13
40,1,WAITING,2,28,38,196
40,3,WAITING,3,78,30,96
40,4,WAITING,2,76,28,182
40,5,WAITING,4,23,24,124
40,2,RUNNING,17,130,13,13
41,1,WAITING,2,28,39,196
41,3,WAITING,3,78,31,96
41,4,WAITING,2,76,29,182
41,5,WAITING,4,23,25,124
41,2,RUNNING,18,130,13,13
42,1,WAITING,2,28,40,196
42,3,WAITING,3,78,32,96
42,4,WAITING,2,76,30,182
42,5,WAITING,4,23,26,124
42,2,RUNNING,19,130,13,13
43,1,WAITING,2,28,41,196
43,3,WAITING,3,78,33,96
43,4,WAITING,2,76,31,182
43,5,WAITING,4,23,27,124
43,2,RUNNING,20,130,13,13
44,1,WAITING,2,28,42,196
44,3,WAITING,3,78,34,96
44,4,WAITING,2,76,32,182
44,5,WAITING,4,23,28,124
44,2,RUNNING,21,130,13,13
45,1,WAITING,2,28,43,196
45,3,WAITING,3,78,35,96
45,4,WAITING,2,76,33,182
45,5,WAITING,4,23,29,124
45,2,RUNNING,22,130,13,13
46,1,WAITING,2,28,44,196
46,3,WAITING,3,78,36,96
46,4,WAITING,2,76,34,182
46,5,WAITING,4,23,30,124
46,2,RUNNING,23,130,13,13
47,1,WAITING,2,28,45,196
47,3,WAITING,3,78,37,96
47,4,WAITING,2,76,35,182
47,5,WAITING,4,23,31,124
47,2,RUNNING,24,130,13,13
48,1,WAITING,2,28,46,196
48,3,WAITING,3,78,38,96
48,4,WAITING,2,76,36,182
48,5,WAITING,4,23,32,124
48,2,RUNNING,25,130,13,13
49,1,WAITING,2,28,47,196
49,3,WAITING,3,78,39,96
49,4,WAITING,2,76,37,182
49,5,WAITING,4,23,33,124
49,2,RUNNING,26,130,13,13
50,1,WAITING,2,28,48,196
50,3,WAITING,3,78,40,96
50,4,WAITING,2,76,38,182
50,5,WAITING,4,23,34,124
50,2,RUNNING,27,130,13,13
51,1,WAITING,2,28,49,196
51,3,WAITING,3,78,41,96
51,4,WAITING,2,76,39,182
51,5,WAITING,4,23,35,124
51,2,RUNNING,28,130,13,13
52,1,WAITING,2,28,50,196
52,3,WAITING,3,78,42,96
52,4,WAITING,2,76,40,182
52,5,WAITING,4,23,36,124
52,2,RUNNING,29,130,13,13
53,1,WAITING,2,28,51,196
53,3,WAITING,3,78,43,96
53,4,WAITING,2,76,41,182
53,5,WAITING,4,23,37,124
53,2,RUNNING,30,130,13,13
54,1,WAITING,2,28,52,196
54,3,WAITING,3,78,44,96
54,4,WAITING,2,76,42,182
54,5,WAITING,4,23,38,124
54,2,RUNNING,31,130,13,13
55,1,WAITING,2,28,53,196
55,3,WAITING,3,78,45,96
55,4,WAITING,2,76,43,182
55,5,WAITING,4,23,39,124
55,2,RUNNING,32,130,13,13
56,1,WAITING,2,28,54,196
56,3,WAITING,3,78,46,96
56,4,WAITING,2,76,44,182
56,5,WAITING,4,23,40,124
56,2,RUNNING,33,130,13,13
57,1,WAITING,2,28,55,196
57,3,WAITING,3,78,47,96
57,4,WAITING,2,76,45,182
57,5,WAITING,4,23,41,124
57,2,RUNNING,34,130,13,13
58,1,WAITING,2,28,56,196
58,3,WAITING,3,78,48,96
58,4,WAITING,2,76,46,182
58,5,WAITING,4,23,42,124
58,2,RUNNING,35,130,13,13
59,1,WAITING,2,28,57,196
59,3,WAITING,3,78,49,96
59,4,WAITING,2,76,47,182
59,5,WAITING,4,23,43,124
59,2,RUNNING,36,130,13,13
60,1,WAITING,2,28,58,196
60,3,WAITING,3,78,50,96
60,4,WAITING,2,76,48,182
60,5,WAITING,4,23,44,124
60,2,RUNNING,37,130,13,13
61,1,WAITING,2,28,59,196
61,3,WAITING,3,78,51,96
61,4,WAITING,2,76,49,182
61,5,WAITING,4,23,45,124
61,2,RUNNING,38,130,13,13
62,1,WAITING,2,28,60,196
62,3,WAITING,3,78,52,96
62,4,WAITING,2,76,50,182
62,5,WAITING,4,23,46,124
62,2,RUNNING,39,130,13,13
63,1,WAITING,2,28,61,196
63,3,WAITING,3,78,53,96
63,4,WAITING,2,76,51,182
63,5,WAITING,4,23,47,124
63,2,RUNNING,40,130,13,13
64,1,WAITING,2,28,62,196
64,3,WAITING,3,78,54,96
64,4,WAITING,2,76,52,182
64,5,WAITING,4,23,48,124
64,2,RUNNING,41,130,13,13
65,1,WAITING,2,28,63,196
65,3,WAITING,3,78,55,96
65,4,WAITING,2,76,53,182
65,5,WAITING,4,23,49,124
65,2,RUNNING,42,130,13,13
66,1,WAITING,2,28,64,196
66,3,WAITING,3,78,56,96
66,4,WAITING,2,76,54,182
66,5,WAITING,4,23,50,124
66,2,RUNNING,43,130,13,13
67,1,WAITING,2,28,65,196
67,3,WAITING,3,78,57,96
67,4,WAITING,2,76,55,182
67,5,WAITING,4,23,51,124
67,2,RUNNING,44,130,13,13
68,1,WAITING,2,28,66,196
68,3,WAITING,3,78,58,96
68,4,WAITING,2,76,56,182
68,5,WAITING,4,23,52,124
68,2,RUNNING,45,130,13,13
69,1,WAITING,2,28,67,196
69,3,WAITING,3,78,59,96
69,4,WAITING,2,76,57,182
69,5,WAITING,4,23,53,124
69,2,RUNNING,46,130,13,13
70,1,WAITING,2,28,68,196
70,3,WAITING,3,78,60,96
70,4,WAITING,2,76,58,182
70,5,WAITING,4,23,54,124
70,2,RUNNING,47,130,13,13
71,1,WAITING,2,28,69,196
71,3,WAITING,3,78,61,96
71,4,WAITING,2,76,59,182
71,5,WAITING,4,23,55,124
71,2,RUNNING,48,130,13,13
72,1,WAITING,2,28,70,196
72,3,WAITING,3,78,62,96
72,4,WAITING,2,76,60,182
72,5,WAITING,4,23,56,124
72,2,RUNNING,49,130,13,13
73,1,WAITING,2,28,71,196
73,3,WAITING,3,78,63,96
73,4,WAITING,2,76,61,182
73,5,WAITING,4,23,57,124
73,2,RUNNING,50,130,13,13
74,1,WAITING,2,28,72,196
74,3,WAITING,3,78,64,96
74,4,WAITING,2,76,62,182
74,5,WAITING,4,23,58,124
74,2,RUNNING,51,130,13,13
75,1,WAITING,2,28,73,196
75,3,WAITING,3,78,65,96
75,4,WAITING,2,76,63,182
75,5,WAITING,4,23,59,124
75,2,RUNNING,52,130,13,13
76,1,WAITING,2,28,74,196
76,3,WAITING,3,78,66,96
76,4,WAITING,2,76,64,182
76,5,WAITING,4,23,60,124
76,2,RUNNING,53,130,13,13
77,1,WAITING,2,28,75,196
77,3,WAITING,3,78,67,96
77,4,WAITING,2,76,65,182
77,5,WAITING,4,23,61,124
77,2,RUNNING,54,130,13,13
78,1,WAITING,2,28,76,196
78,3,WAITING,3,78,68,96
78,4,WAITING,2,76,66,182
78,5,WAITING,4,23,62,124
78,2,RUNNING,55,130,13,13
79,1,WAITING,2,28,77,196
79,3,WAITING,3,78,69,96
79,4,WAITING,2,76,67,182
79,5,WAITING,4,23,63,124
79,2,RUNNING,56,130,13,13
80,1,WAITING,2,28,78,196
80,3,WAITING,3,78,70,96
80,4,WAITING,2,76,68,182
80,5,WAITING,4,23,64,124
80,2,RUNNING,57,130,13,13
81,1,WAITING,2,28,79,196
81,3,WAITING,3,78,71,96
81,4,WAITING,2,76,69,182
81,5,WAITING,4,23,65,124
81,2,RUNNING,58,130,13,13
82,1,WAITING,2,28,80,196
82,3,WAITING,3,78,72,96
82,4,WAITING,2,76,70,182
82,5,WAITING,4,23,66,124
82,2,RUNNING,59,130,13,13
83,1,WAITING,2,28,81,196
83,3,WAITING,3,78,73,96
83,4,WAITING,2,76,71,182
83,5,WAITING,4,23,67,124
83,2,RUNNING,60,130,13,13
84,1,WAITING,2,28,82,196
84,3,WAITING,3,78,74,96
84,4,WAITING,2,76,72,182
84,5,WAITING,4,23,68,124
84,2,RUNNING,61,130,13,13
85,1,WAITING,2,28,83,196
85,3,WAITING,3,78,75,96
85,4,WAITING,2,76,73,182
85,5,WAITING,4,23,69,124
85,2,RUNNING,62,130,13,13
86,1,WAITING,2,28,84,196
86,3,WAITING,3,78,76,96
86,4,WAITING,2,76,74,182
86,5,WAITING,4,23,70,124
86,2,RUNNING,63,130,13,13
87,1,WAITING,2,28,85,196
87,3,WAITING,3,78,77,96
87,4,WAITING,2,76,75,182
87,5,WAITING,4,23,71,124
87,2,RUNNING,64,130,13,13
88,1,WAITING,2,28,86,196
88,3,WAITING,3,78,78,96
88,4,WAITING,2,76,76,182
88,5,WAITING,4,23,72,124
88,2,RUNNING,65,130,13,13
89,1,WAITING,2,28,87,196
89,3,WAITING,3,78,79,96
89,4,WAITING,2,76,77,182
89,5,WAITING,4,23,73,124
89,2,RUNNING,66,130,13,13
90,1,WAITING,2,28,88,196
90,3,WAITING,3,78,80,96
90,4,WAITING,2,76,78,182
90,5,WAITING,4,23,74,124
90,2,RUNNING,67,130,13,13
91,1,WAITING,2,28,89,196
91,3,WAITING,3,78,81,96
91,4,WAITING,2,76,79,182
91,5,WAITING,4,23,75,124
91,2,RUNNING,68,130,13,13
92,1,WAITING,2,28,90,196
92,3,WAITING,3,78,82,96
92,4,WAITING,2,76,80,182
92,5,WAITING,4,23,76,124
92,2,RUNNING,69,130,13,13
93,1,WAITING,2,28,91,196
93,3,WAITING,3,78,83,96
93,4,WAITING,2,76,81,182
93,5,WAITING,4,23,77,124
93,2,RUNNING,70,130,13,13
94,1,WAITING,2,28,92,196
94,3,WAITING,3,78,84,96
94,4,WAITING,2,76,82,182
94,5,WAITING,4,23,78,124
94,2,RUNNING,71,130,13,13
95,1,WAITING,2,28,93,196
95,3,WAITING,3,78,85,96
95,4,WAITING,2,76,83,182
95,5,WAITING,4,23,79,124
95,2,RUNNING,72,130,13,13
96,1,WAITING,2,28,94,196
96,3,WAITING,3,78,86,96
96,4,WAITING,2,76,84,182
96,5,WAITING,4,23,80,124
96,2,RUNNING,73,130,13,13
97,1,WAITING,2,28,95,196
97,3,WAITING,3,78,87,96
97,4,WAITING,2,76,85,182
97,5,WAITING,4,23,81,124
97,2,RUNNING,74,130,13,13
98,1,WAITING,2,28,96,196
98,3,WAITING,3,78,88,96
98,4,WAITING,2,76,86,182
98,5,WAITING,4,23,82,124
98,2,RUNNING,75,130,13,13
99,1,WAITING,2,28,97,196
99,3,WAITING,3,78,89,96
99,4,WAITING,2,76,87,182
99,5,WAITING,4,23,83,124
99,2,RUNNING,76,130,13,13
100,1,WAITING,2,28,98,196
100,3,WAITING,3,78,90,96
100,4,WAITING,2,76,88,182
100,5,WAITING,4,23,84,124
100,2,RUNNING,77,130,13,13
101,1,WAITING,2,28,99,196
101,3,WAITING,3,78,91,96
101,4,WAITING,2,76,89,182
101,5,WAITING,4,23,85,124
101,2,RUNNING,78,130,13,13
102,1,WAITING,2,28,100,196
102,3,WAITING,3,78,92,96
102,4,WAITING,2,76,90,182
102,5,WAITING,4,23,86,124
102,2,RUNNING,79,130,13,13
103,1,WAITING,2,28,101,196
103,3,WAITING,3,78,93,96
103,4,WAITING,2,76,91,182
103,5,WAITING,4,23,87,124
103,2,RUNNING,80,130,13,13
104,1,WAITING,2,28,102,196
104,3,WAITING,3,78,94,96
104,4,WAITING,2,76,92,182
104,5,WAITING,4,23,88,124
104,2,RUNNING,81,130,13,13
105,1,WAITING,2,28,103,196
105,3,WAITING,3,78,95,96
105,4,WAITING,2,76,93,182
105,5,WAITING,4,23,89,124
105,2,RUNNING,82,130,13,13
106,3,READY,3,78,96,96
106,2,READY,83,130,13,13
106,1,WAITING,2,28,104,196
106,4,WAITING,2,76,94,182
106,5,WAITING,4,23,90,124
107,2,READY,83,130,13,13
107,1,WAITING,2,28,105,196
107,4,WAITING,2,76,95,182
107,5,WAITING,4,23,91,124
107,3,RUNNING,4,78,96,96
108,2,READY,83,130,13,13
108,1,WAITING,2,28,106,196
108,4,WAITING,2,76,96,182
108,5,WAITING,4,23,92,124
108,3,RUNNING,5,78,96,96
109,2,READY,83,130,13,13
109,1,WAITING,2,28,107,196
109,4,WAITING,2,76,97,182
109,5,WAITING,4,23,93,124
109,3,RUNNING,6,78,96,96
110,2,READY,83,130,13,13
110,1,WAITING,2,28,108,196
110,4,WAITING,2,76,98,182
110,5,WAITING,4,23,94,124
110,3,RUNNING,7,78,96,96
111,2,READY,83,130,13,13
111,3,READY,8,78,96,96
111,1,WAITING,2,28,109,196
111,4,WAITING,2,76,99,182
111,5,WAITING,4,23,95,124
112,3,READY,8,78,96,96
112,1,WAITING,2,28,110,196
112,4,WAITING,2,76,100,182
112,5,WAITING,4,23,96,124
112,2,RUNNING,84,130,13,13
113,3,READY,8,78,96,96
113,1,WAITING,2,28,111,196
113,4,WAITING,2,76,101,182
113,5,WAITING,4,23,97,124
113,2,RUNNING,85,130,13,13
114,3,READY,8,78,96,96
114,1,WAITING,2,28,112,196
114,4,WAITING,2,76,102,182
114,5,WAITING,4,23,98,124
114,2,RUNNING,86,130,13,13
115,3,READY,8,78,96,96
115,1,WAITING,2,28,113,196
115,4,WAITING,2,76,103,182
115,5,WAITING,4,23,99,124
115,2,RUNNING,87,130,13,13
116,3,READY,8,78,96,96
116,2,READY,88,130,13,13
116,1,WAITING,2,28,114,196
116,4,WAITING,2,76,104,182
116,5,WAITING,4,23,100,124
117,2,READY,88,130,13,13
117,1,WAITING,2,28,115,196
117,4,WAITING,2,76,105,182
117,5,WAITING,4,23,101,124
117,3,RUNNING,9,78,96,96
118,2,READY,88,130,13,13
118,1,WAITING,2,28,116,196
118,4,WAITING,2,76,106,182
118,5,WAITING,4,23,102,124
118,3,RUNNING,10,78,96,96
119,2,READY,88,130,13,13
119,1,WAITING,2,28,117,196
119,4,WAITING,2,76,107,182
119,5,WAITING,4,23,103,124
119,3,RUNNING,11,78,96,96
120,2,READY,88,130,13,13
120,1,WAITING,2,28,118,196
120,4,WAITING,2,76,108,182
120,5,WAITING,4,23,104,124
120,3,RUNNING,12,78,96,96
121,2,READY,88,130,13,13
121,3,READY,13,78,96,96
121,1,WAITING,2,28,119,196
121,4,WAITING,2,76,109,182
121,5,WAITING,4,23,105,124
122,3,READY,13,78,96,96
122,1,WAITING,2,28,120,196
122,4,WAITING,2,76,110,182
122,5,WAITING,4,23,106,124
122,2,RUNNING,89,130,13,13
123,3,READY,13,78,96,96
123,1,WAITING,2,28,121,196
123,4,WAITING,2,76,111,182
123,5,WAITING,4,23,107,124
123,2,RUNNING,90,130,13,13
124,3,READY,13,78,96,96
124,1,WAITING,2,28,122,196
124,4,WAITING,2,76,112,182
124,5,WAITING,4,23,108,124
124,2,RUNNING,91,130,13,13
125,3,READY,13,78,96,96
125,1,WAITING,2,28,123,196
125,4,WAITING,2,76,113,182
125,5,WAITING,4,23,109,124
125,2,RUNNING,92,130,13,13
126,3,READY,13,78,96,96
126,2,READY,93,130,13,13
126,1,WAITING,2,28,124,196
126,4,WAITING,2,76,114,182
126,5,WAITING,4,23,110,124
127,2,READY,93,130,13,13
127,1,WAITING,2,28,125,196
127,4,WAITING,2,76,115,182
127,5,WAITING,4,23,111,124
127,3,RUNNING,14,78,96,96
128,2,READY,93,130,13,13
128,1,WAITING,2,28,126,196
128,4,WAITING,2,76,116,182
128,5,WAITING,4,23,112,124
128,3,RUNNING,15,78,96,96
129,2,READY,93,130,13,13
129,1,WAITING,2,28,127,196
129,4,WAITING,2,76,117,182
129,5,WAITING,4,23,113,124
129,3,RUNNING,16,78,96,96
130,2,READY,93,130,13,13
130,1,WAITING,2,28,128,196
130,4,WAITING,2,76,118,182
130,5,WAITING,4,23,114,124
130,3,RUNNING,17,78,96,96
131,2,READY,93,130,13,13
131,3,READY,18,78,96,96
131,1,WAITING,2,28,129,196
131,4,WAITING,2,76,119,182
131,5,WAITING,4,23,115,124
132,3,READY,18,78,96,96
132,1,WAITING,2,28,130,196
132,4,WAITING,2,76,120,182
132,5,WAITING,4,23,116,124
132,2,RUNNING,94,130,13,13
133,3,READY,18,78,96,96
133,1,WAITING,2,28,131,196
133,4,WAITING,2,76,121,182
133,5,WAITING,4,23,117,124
133,2,RUNNING,95,130,13,13
134,3,READY,18,78,96,96
134,1,WAITING,2,28,132,196
134,4,WAITING,2,76,122,182
134,5,WAITING,4,23,118,124
134,2,RUNNING,96,130,13,13
135,3,READY,18,78,96,96
135,1,WAITING,2,28,133,196
135,4,WAITING,2,76,123,182
135,5,WAITING,4,23,119,124
135,2,RUNNING,97,130,13,13
136,3,READY,18,78,96,96
136,2,READY,98,130,13,13
136,1,WAITING,2,28,134,196
136,4,WAITING,2,76,124,182
136,5,WAITING,4,23,120,124
137,2,READY,98,130,13,13
137,1,WAITING,2,28,135,196
137,4,WAITING,2,76,125,182
137,5,WAITING,4,23,121,124
137,3,RUNNING,19,78,96,96
138,2,READY,98,130,13,13
138,1,WAITING,2,28,136,196
138,4,WAITING,2,76,126,182
138,5,WAITING,4,23,122,124
138,3,RUNNING,20,78,96,96
139,2,READY,98,130,13,13
139,1,WAITING,2,28,137,196
139,4,WAITING,2,76,127,182
139,5,WAITING,4,23,123,124
139,3,RUNNING,21,78,96,96
140,2,READY,98,130,13,13
140,5,READY,4,23,124,124
140,1,WAITING,2,28,138,196
140,4,WAITING,2,76,128,182
140,3,RUNNING,22,78,96,96
141,2,READY,98,130,13,13
141,5,READY,4,23,124,124
141,3,READY,23,78,96,96
141,1,WAITING,2,28,139,196
141,4,WAITING,2,76,129,182
142,5,READY,4,23,124,124
142,3,READY,23,78,96,96
142,1,WAITING,2,28,140,196
142,4,WAITING,2,76,130,182
142,2,RUNNING,99,130,13,13
143,5,READY,4,23,124,124
143,3,READY,23,78,96,96
143,1,WAITING,2,28,141,196
143,4,WAITING,2,76,131,182
143,2,RUNNING,100,130,13,13
144,5,READY,4,23,124,124
144,3,READY,23,78,96,96
144,1,WAITING,2,28,142,196
144,4,WAITING,2,76,132,182
144,2,RUNNING,101,130,13,13
145,5,READY,4,23,124,124
145,3,READY,23,78,96,96
145,1,WAITING,2,28,143,196
145,4,WAITING,2,76,133,182
145,2,RUNNING,102,130,13,13
146,5,READY,4,23,124,124
146,3,READY,23,78,96,96
146,2,READY,103,130,13,13
146,1,WAITING,2,28,144,196
146,4,WAITING,2,76,134,182
147,3,READY,23,78,96,96
147,2,READY,103,130,13,13
147,1,WAITING,2,28,145,196
147,4,WAITING,2,76,135,182
147,5,RUNNING,5,23,124,124
148,3,READY,23,78,96,96
148,2,READY,103,130,13,13
148,1,WAITING,2,28,146,196
148,4,WAITING,2,76,136,182
148,5,RUNNING,6,23,124,124
149,3,READY,23,78,96,96
149,2,READY,103,130,13,13
149,1,WAITING,2,28,147,196
149,4,WAITING,2,76,137,182
149,5,RUNNING,7,23,124,124
150,3,READY,23,78,96,96
150,2,READY,103,130,13,13
150,1,WAITING,2,28,148,196
150,4,WAITING,2,76,138,182
150,5,RUNNING,8,23,124,124
151,3,READY,23,78,96,96
151,2,READY,103,130,13,13
151,5,READY,9,23,124,124
151,1,WAITING,2,28,149,196
151,4,WAITING,2,76,139,182
152,2,READY,103,130,13,13
152,5,READY,9,23,124,124
152,1,WAITING,2,28,150,196
152,4,WAITING,2,76,140,182
152,3,RUNNING,24,78,96,96
153,2,READY,103,130,13,13
153,5,READY,9,23,124,124
153,1,WAITING,2,28,151,196
153,4,WAITING,2,76,141,182
153,3,RUNNING,25,78,96,96
154,2,READY,103,130,13,13
154,5,READY,9,23,124,124
154,1,WAITING,2,28,152,196
154,4,WAITING,2,76,142,182
154,3,RUNNING,26,78,96,96
155,2,READY,103,130,13,13
155,5,READY,9,23,124,124
155,1,WAITING,2,28,153,196
155,4,WAITING,2,76,143,182
155,3,RUNNING,27,78,96,96
156,2,READY,103,130,13,13
156,5,READY,9,23,124,124
156,3,READY,28,78,96,96
156,1,WAITING,2,28,154,196
156,4,WAITING,2,76,144,182
157,5,READY,9,23,124,124
157,3,READY,28,78,96,96
157,1,WAITING,2,28,155,196
157,4,WAITING,2,76,145,182
157,2,RUNNING,104,130,13,13
158,5,READY,9,23,124,124
158,3,READY,28,78,96,96
158,1,WAITING,2,28,156,196
158,4,WAITING,2,76,146,182
158,2,RUNNING,105,130,13,13
159,5,READY,9,23,124,124
159,3,READY,28,78,96,96
159,1,WAITING,2,28,157,196
159,4,WAITING,2,76,147,182
159,2,RUNNING,106,130,13,13
160,5,READY,9,23,124,124
160,3,READY,28,78,96,96
160,1,WAITING,2,28,158,196
160,4,WAITING,2,76,148,182
160,2,RUNNING,107,130,13,13
161,5,READY,9,23,124,124
161,3,READY,28,78,96,96
161,2,READY,108,130,13,13
161,1,WAITING,2,28,159,196
161,4,WAITING,2,76,149,182
162,3,READY,28,78,96,96
162,2,READY,108,130,13,13
162,1,WAITING,2,28,160,196
162,4,WAITING,2,76,150,182
162,5,RUNNING,10,23,124,124
163,3,READY,28,78,96,96
163,2,READY,108,130,13,13
163,1,WAITING,2,28,161,196
163,4,WAITING,2,76,151,182
163,5,RUNNING,11,23,124,124
164,3,READY,28,78,96,96
164,2,READY,108,130,13,13
164,1,WAITING,2,28,162,196
164,4,WAITING,2,76,152,182
164,5,RUNNING,12,23,124,124
165,3,READY,28,78,96,96
165,2,READY,108,130,13,13
165,1,WAITING,2,28,163,196
165,4,WAITING,2,76,153,182
165,5,RUNNING,13,23,124,124
166,3,READY,28,78,96,96
166,2,READY,108,130,13,13
166,5,READY,14,23,124,124
166,1,WAITING,2,28,164,196
166,4,WAITING,2,76,154,182
167,2,READY,108,130,13,13
167,5,READY,14,23,124,124
167,1,WAITING,2,28,165,196
167,4,WAITING,2,76,155,182
167,3,RUNNING,29,78,96,96
168,2,READY,108,130,13,13
168,5,READY,14,23,124,124
168,1,WAITING,2,28,166,196
168,4,WAITING,2,76,156,182
168,3,RUNNING,30,78,96,96
169,2,READY,108,130,13,13
169,5,READY,14,23,124,124
169,1,WAITING,2,28,167,196
169,4,WAITING,2,76,157,182
169,3,RUNNING,31,78,96,96
170,2,READY,108,130,13,13
170,5,READY,14,23,124,124
170,1,WAITING,2,28,168,196
170,4,WAITING,2,76,158,182
170,3,RUNNING,32,78,96,96
171,2,READY,108,130,13,13
171,5,READY,14,23,124,124
171,3,READY,33,78,96,96
171,1,WAITING,2,28,169,196
171,4,WAITING,2,76,159,182
172,5,READY,14,23,124,124
172,3,READY,33,78,96,96
172,1,WAITING,2,28,170,196
172,4,WAITING,2,76,160,182
172,2,RUNNING,109,130,13,13
173,5,READY,14,23,124,124
173,3,READY,33,78,96,96
173,1,WAITING,2,28,171,196
173,4,WAITING,2,76,161,182
173,2,RUNNING,110,130,13,13
174,5,READY,14,23,124,124
174,3,READY,33,78,96,96
174,1,WAITING,2,28,172,196
174,4,WAITING,2,76,162,182
174,2,RUNNING,111,130,13,13
175,5,READY,14,23,124,124
175,3,READY,33,78,96,96
175,1,WAITING,2,28,173,196
175,4,WAITING,2,76,163,182
175,2,RUNNING,112,130,13,13
176,5,READY,14,23,124,124
176,3,READY,33,78,96,96
176,2,READY,113,130,13,13
176,1,WAITING,2,28,174,196
176,4,WAITING,2,76,164,182
177,3,READY,33,78,96,96
177,2,READY,113,130,13,13
177,1,WAITING,2,28,175,196
177,4,WAITING,2,76,165,182
177,5,RUNNING,15,23,124,124
178,3,READY,33,78,96,96
178,2,READY,113,130,13,13
178,1,WAITING,2,28,176,196
178,4,WAITING,2,76,166,182
178,5,RUNNING,16,23,124,124
179,3,READY,33,78,96,96
179,2,READY,113,130,13,13
179,1,WAITING,2,28,177,196
179,4,WAITING,2,76,167,182
179,5,RUNNING,17,23,124,124
180,3,READY,33,78,96,96
180,2,READY,113,130,13,13
180,1,WAITING,2,28,178,196
180,4,WAITING,2,76,168,182
180,5,RUNNING,18,23,124,124
181,3,READY,33,78,96,96
181,2,READY,113,130,13,13
181,5,READY,19,23,124,124
181,1,WAITING,2,28,179,196
181,4,WAITING,2,76,169,182
182,2,READY,113,130,13,13
182,5,READY,19,23,124,124
182,1,WAITING,2,28,180,196
182,4,WAITING,2,76,170,182
182,3,RUNNING,34,78,96,96
183,2,READY,113,130,13,13
183,5,READY,19,23,124,124
183,1,WAITING,2,28,181,196
183,4,WAITING,2,76,171,182
183,3,RUNNING,35,78,96,96
184,2,READY,113,130,13,13
184,5,READY,19,23,124,124
184,1,WAITING,2,28,182,196
184,4,WAITING,2,76,172,182
184,3,RUNNING,36,78,96,96
185,2,READY,113,130,13,13
185,5,READY,19,23,124,124
185,1,WAITING,2,28,183,196
185,4,WAITING,2,76,173,182
185,3,RUNNING,37,78,96,96
186,2,READY,113,130,13,13
186,5,READY,19,23,124,124
186,3,READY,38,78,96,96
186,1,WAITING,2,28,184,196
186,4,WAITING,2,76,174,182
187,5,READY,19,23,124,124
187,3,READY,38,78,96,96
187,1,WAITING,2,28,185,196
187,4,WAITING,2,76,175,182
187,2,RUNNING,114,130,13,13
188,5,READY,19,23,124,124
188,3,READY,38,78,96,96
188,1,WAITING,2,28,186,196
188,4,WAITING,2,76,176,182
188,2,RUNNING,115,130,13,13
189,5,READY,19,23,124,124
189,3,READY,38,78,96,96
189,1,WAITING,2,28,187,196
189,4,WAITING,2,76,177,182
189,2,RUNNING,116,130,13,13
190,5,READY,19,23,124,124
190,3,READY,38,78,96,96
190,1,WAITING,2,28,188,196
190,4,WAITING,2,76,178,182
190,2,RUNNING,117,130,13,13
191,5,READY,19,23,124,124
191,3,READY,38,78,96,96
191,2,READY,118,130,13,13
191,1,WAITING,2,28,189,196
191,4,WAITING,2,76,179,182
192,3,READY,38,78,96,96
192,2,READY,118,130,13,13
192,1,WAITING,2,28,190,196
192,4,WAITING,2,76,180,182
192,5,RUNNING,20,23,124,124
193,3,READY,38,78,96,96
193,2,READY,118,130,13,13
193,1,WAITING,2,28,191,196
193,4,WAITING,2,76,181,182
193,5,RUNNING,21,23,124,124
194,3,READY,38,78,96,96
194,2,READY,118,130,13,13
194,4,READY,2,76,182,182
194,1,WAITING,2,28,192,196
194,5,RUNNING,22,23,124,124
195,3,READY,38,78,96,96
195,2,READY,118,130,13,13
195,4,READY,2,76,182,182
195,1,WAITING,2,28,193,196
195,5,TERMINATED,23,23,124,124
196,2,READY,118,130,13,13
196,4,READY,2,76,182,182
196,1,WAITING,2,28,194,196
196,3,RUNNING,39,78,96,96
196,5,TERMINATED,23,23,124,124
197,2,READY,118,130,13,13
197,4,READY,2,76,182,182
197,1,WAITING,2,28,195,196
197,3,RUNNING,40,78,96,96
197,5,TERMINATED,23,23,124,124
198,2,READY,118,130,13,13
198,4,READY,2,76,182,182
198,1,READY,2,28,196,196
198,3,RUNNING,41,78,96,96
198,5,TERMINATED,23,23,124,124
199,2,READY,118,130,13,13
199,4,READY,2,76,182,182
199,1,READY,2,28,196,196
199,3,RUNNING,42,78,96,96
199,5,TERMINATED,23,23,124,124
200,2,READY,118,130,13,13
200,4,READY,2,76,182,182
200,1,READY,2,28,196,196
200,3,READY,43,78,96,96
200,5,TERMINATED,23,23,124,124
201,4,READY,2,76,182,182
201,1,READY,2,28,196,196
201,3,READY,43,78,96,96
201,2,RUNNING,119,130,13,13
201,5,TERMINATED,23,23,124,124
202,4,READY,2,76,182,182
202,1,READY,2,28,196,196
202,3,READY,43,78,96,96
202,2,RUNNING,120,130,13,13
202,5,TERMINATED,23,23,124,124
203,4,READY,2,76,182,182
203,1,READY,2,28,196,196
203,3,READY,43,78,96,96
203,2,RUNNING,121,130,13,13
203,5,TERMINATED,23,23,124,124
204,4,READY,2,76,182,182
204,1,READY,2,28,196,196
204,3,READY,43,78,96,96
204,2,RUNNING,122,130,13,13
204,5,TERMINATED,23,23,124,124
205,4,READY,2,76,182,182
205,1,READY,2,28,196,196
205,3,READY,43,78,96,96
205,2,READY,123,130,13,13
205,5,TERMINATED,23,23,124,124
206,1,READY,2,28,196,196
206,3,READY,43,78,96,96
206,2,READY,123,130,13,13
206,4,RUNNING,3,76,182,182
206,5,TERMINATED,23,23,124,124
207,1,READY,2,28,196,196
207,3,READY,43,78,96,96
207,2,READY,123,130,13,13
207,4,RUNNING,4,76,182,182
207,5,TERMINATED,23,23,124,124
208,1,READY,2,28,196,196
208,3,READY,43,78,96,96
208,2,READY,123,130,13,13
208,4,RUNNING,5,76,182,182
208,5,TERMINATED,23,23,124,124
209,1,READY,2,28,196,196
209,3,READY,43,78,96,96
209,2,READY,123,130,13,13
209,4,RUNNING,6,76,182,182
209,5,TERMINATED,23,23,124,124
210,1,READY,2,28,196,196
210,3,READY,43,78,96,96
210,2,READY,123,130,13,13
210,4,READY,7,76,182,182
210,5,TERMINATED,23,23,124,124
211,3,READY,43,78,96,96
211,2,READY,123,130,13,13
211,4,READY,7,76,182,182
211,1,RUNNING,3,28,196,196
211,5,TERMINATED,23,23,124,124
212,3,READY,43,78,96,96
212,2,READY,123,130,13,13
212,4,READY,7,76,182,182
212,1,RUNNING,4,28,196,196
212,5,TERMINATED,23,23,124,124
213,3,READY,43,78,96,96
213,2,READY,123,130,13,13
213,4,READY,7,76,182,182
213,1,RUNNING,5,28,196,196
213,5,TERMINATED,23,23,124,124
214,3,READY,43,78,96,96
214,2,READY,123,130,13,13
214,4,READY,7,76,182,182
214,1,RUNNING,6,28,196,196
214,5,TERMINATED,23,23,124,124
215,3,READY,43,78,96,96
215,2,READY,123,130,13,13
215,4,READY,7,76,182,182
215,1,READY,7,28,196,196
215,5,TERMINATED,23,23,124,124
216,2,READY,123,130,13,13
216,4,READY,7,76,182,182
216,1,READY,7,28,196,196
216,3,RUNNING,44,78,96,96
216,5,TERMINATED,23,23,124,124
217,2,READY,123,130,13,13
217,4,READY,7,76,182,182
217,1,READY,7,28,196,196
217,3,RUNNING,45,78,96,96
217,5,TERMINATED,23,23,124,124
218,2,READY,123,130,13,13
218,4,READY,7,76,182,182
218,1,READY,7,28,196,196
218,3,RUNNING,46,78,96,96
218,5,TERMINATED,23,23,124,124
219,2,READY,123,130,13,13
219,4,READY,7,76,182,182
219,1,READY,7,28,196,196
219,3,RUNNING,47,78,96,96
219,5,TERMINATED,23,23,124,124
220,2,READY,123,130,13,13
220,4,READY,7,76,182,182
220,1,READY,7,28,196,196
220,3,READY,48,78,96,96
220,5,TERMINATED,23,23,124,124
221,4,READY,7,76,182,182
221,1,READY,7,28,196,196
221,3,READY,48,78,96,96
221,2,RUNNING,124,130,13,13
221,5,TERMINATED,23,23,124,124
222,4,READY,7,76,182,182
222,1,READY,7,28,196,196
222,3,READY,48,78,96,96
222,2,RUNNING,125,130,13,13
222,5,TERMINATED,23,23,124,124
223,4,READY,7,76,182,182
223,1,READY,7,28,196,196
223,3,READY,48,78,96,96
223,2,RUNNING,126,130,13,13
223,5,TERMINATED,23,23,124,124
224,4,READY,7,76,182,182
224,1,READY,7,28,196,196
224,3,READY,48,78,96,96
224,2,RUNNING,127,130,13,13
224,5,TERMINATED,23,23,124,124
225,4,READY,7,76,182,182
225,1,READY,7,28,196,196
225,3,READY,48,78,96,96
225,2,READY,128,130,13,13
225,5,TERMINATED,23,23,124,124
226,1,READY,7,28,196,196
226,3,READY,48,78,96,96
226,2,READY,128,130,13,13
226,4,RUNNING,8,76,182,182
226,5,TERMINATED,23,23,124,124
227,1,READY,7,28,196,196
227,3,READY,48,78,96,96
227,2,READY,128,130,13,13
227,4,RUNNING,9,76,182,182
227,5,TERMINATED,23,23,124,124
228,1,READY,7,28,196,196
228,3,READY,48,78,96,96
228,2,READY,128,130,13,13
228,4,RUNNING,10,76,182,182
228,5,TERMINATED,23,23,124,124
229,1,READY,7,28,196,196
229,3,READY,48,78,96,96
229,2,READY,128,130,13,13
229,4,RUNNING,11,76,182,182
229,5,TERMINATED,23,23,124,124
230,1,READY,7,28,196,196
230,3,READY,48,78,96,96
230,2,READY,128,130,13,13
230,4,READY,12,76,182,182
230,5,TERMINATED,23,23,124,124
231,3,READY,48,78,96,96
231,2,READY,128,130,13,13
231,4,READY,12,76,182,182
231,1,RUNNING,8,28,196,196
231,5,TERMINATED,23,23,124,124
232,3,READY,48,78,96,96
232,2,READY,128,130,13,13
232,4,READY,12,76,182,182
232,1,RUNNING,9,28,196,196
232,5,TERMINATED,23,23,124,124
233,3,READY,48,78,96,96
233,2,READY,128,130,13,13
233,4,READY,12,76,182,182
233,1,RUNNING,10,28,196,196
233,5,TERMINATED,23,23,124,124
234,3,READY,48,78,96,96
234,2,READY,128,130,13,13
234,4,READY,12,76,182,182
234,1,RUNNING,11,28,196,196
234,5,TERMINATED,23,23,124,124
235,3,READY,48,78,96,96
235,2,READY,128,130,13,13
235,4,READY,12,76,182,182
235,1,READY,12,28,196,196
235,5,TERMINATED,23,23,124,124
236,2,READY,128,130,13,13
236,4,READY,12,76,182,182
236,1,READY,12,28,196,196
236,3,RUNNING,49,78,96,96
236,5,TERMINATED,23,23,124,124
237,2,READY,128,130,13,13
237,4,READY,12,76,182,182
237,1,READY,12,28,196,196
237,3,RUNNING,50,78,96,96
237,5,TERMINATED,23,23,124,124
238,2,READY,128,130,13,13
238,4,READY,12,76,182,182
238,1,READY,12,28,196,196
238,3,RUNNING,51,78,96,96
238,5,TERMINATED,23,23,124,124
239,2,READY,128,130,13,13
239,4,READY,12,76,182,182
239,1,READY,12,28,196,196
239,3,RUNNING,52,78,96,96
239,5,TERMINATED,23,23,124,124
240,2,READY,128,130,13,13
240,4,READY,12,76,182,182
240,1,READY,12,28,196,196
240,3,READY,53,78,96,96
240,5,TERMINATED,23,23,124,124
241,4,READY,12,76,182,182
241,1,READY,12,28,196,196
241,3,READY,53,78,96,96
241,2,RUNNING,129,130,13,13
241,5,TERMINATED,23,23,124,124
242,4,READY,12,76,182,182
242,1,READY,12,28,196,196
242,3,READY,53,78,96,96
242,5,TERMINATED,23,23,124,124
242,2,TERMINATED,130,130,13,13
243,1,READY,12,28,196,196
243,3,READY,53,78,96,96
243,4,RUNNING,13,76,182,182
243,5,TERMINATED,23,23,124,124
243,2,TERMINATED,130,130,13,13
244,1,READY,12,28,196,196
244,3,READY,53,78,96,96
244,4,RUNNING,14,76,182,182
244,5,TERMINATED,23,23,124,124
244,2,TERMINATED,130,130,13,13
245,1,READY,12,28,196,196
245,3,READY,53,78,96,96
245,4,RUNNING,15,76,182,182
245,5,TERMINATED,23,23,124,124
245,2,TERMINATED,130,130,13,13
246,1,READY,12,28,196,196
246,3,READY,53,78,96,96
246,4,RUNNING,16,76,182,182
246,5,TERMINATED,23,23,124,124
246,2,TERMINATED,130,130,13,13
247,1,READY,12,28,196,196
247,3,READY,53,78,96,96
247,4,READY,17,76,182,182
247,5,TERMINATED,23,23,124,124
247,2,TERMINATED,130,130,13,13
248,3,READY,53,78,96,96
248,4,READY,17,76,182,182
248,1,RUNNING,13,28,196,196
248,5,TERMINATED,23,23,124,124
248,2,TERMINATED,130,130,13,13
249,3,READY,53,78,96,96
249,4,READY,17,76,182,182
249,1,RUNNING,14,28,196,196
249,5,TERMINATED,23,23,124,124
249,2,TERMINATED,130,130,13,13
250,3,READY,53,78,96,96
250,4,READY,17,76,182,182
250,1,RUNNING,15,28,196,196
250,5,TERMINATED,23,23,124,124
250,2,TERMINATED,130,130,13,13
251,3,READY,53,78,96,96
251,4,READY,17,76,182,182
251,1,RUNNING,16,28,196,196
251,5,TERMINATED,23,23,124,124
251,2,TERMINATED,130,130,13,13
252,3,READY,53,78,96,96
252,4,READY,17,76,182,182
252,1,READY,17,28,196,196
252,5,TERMINATED,23,23,124,124
252,2,TERMINATED,130,130,13,13
253,4,READY,17,76,182,182
253,1,READY,17,28,196,196
253,3,RUNNING,54,78,96,96
253,5,TERMINATED,23,23,124,124
253,2,TERMINATED,130,130,13,13
254,4,READY,17,76,182,182
254,1,READY,17,28,196,196
254,3,RUNNING,55,78,96,96
254,5,TERMINATED,23,23,124,124
254,2,TERMINATED,130,130,13,13
255,4,READY,17,76,182,182
255,1,READY,17,28,196,196
255,3,RUNNING,56,78,96,96
255,5,TERMINATED,23,23,124,124
255,2,TERMINATED,130,130,13,13
256,4,READY,17,76,182,182
256,1,READY,17,28,196,196
256,3,RUNNING,57,78,96,96
256,5,TERMINATED,23,23,124,124
256,2,TERMINATED,130,130,13,13
257,4,READY,17,76,182,182
257,1,READY,17,28,196,196
257,3,READY,58,78,96,96
257,5,TERMINATED,23,23,124,124
257,2,TERMINATED,130,130,13,13
258,1,READY,17,28,196,196
258,3,READY,58,78,96,96
258,4,RUNNING,18,76,182,182
258,5,TERMINATED,23,23,124,124
258,2,TERMINATED,130,130,13,13
259,1,READY,17,28,196,196
259,3,READY,58,78,96,96
259,4,RUNNING,19,76,182,182
259,5,TERMINATED,23,23,124,124
259,2,TERMINATED,130,130,13,13
260,1,READY,17,28,196,196
260,3,READY,58,78,96,96
260,4,RUNNING,20,76,182,182
260,5,TERMINATED,23,23,124,124
260,2,TERMINATED,130,130,13,13
261,1,READY,17,28,196,196
261,3,READY,58,78,96,96
261,4,RUNNING,21,76,182,182
261,5,TERMINATED,23,23,124,124
261,2,TERMINATED,130,130,13,13
262,1,READY,17,28,196,196
262,3,READY,58,78,96,96
262,4,READY,22,76,182,182
262,5,TERMINATED,23,23,124,124
262,2,TERMINATED,130,130,13,13
263,3,READY,58,78,96,96
263,4,READY,22,76,182,182
263,1,RUNNING,18,28,196,196
263,5,TERMINATED,23,23,124,124
263,2,TERMINATED,130,130,13,13
264,3,READY,58,78,96,96
264,4,READY,22,76,182,182
264,1,RUNNING,19,28,196,196
264,5,TERMINATED,23,23,124,124
264,2,TERMINATED,130,130,13,13
265,3,READY,58,78,96,96
265,4,READY,22,76,182,182
265,1,RUNNING,20,28,196,196
265,5,TERMINATED,23,23,124,124
265,2,TERMINATED,130,130,13,13
266,3,READY,58,78,96,96
266,4,READY,22,76,182,182
266,1,RUNNING,21,28,196,196
266,5,TERMINATED,23,23,124,124
266,2,TERMINATED,130,130,13,13
267,3,READY,58,78,96,96
267,4,READY,22,76,182,182
267,1,READY,22,28,196,196
267,5,TERMINATED,23,23,124,124
267,2,TERMINATED,130,130,13,13
268,4,READY,22,76,182,182
268,1,READY,22,28,196,196
268,3,RUNNING,59,78,96,96
268,5,TERMINATED,23,23,124,124
268,2,TERMINATED,130,130,13,13
269,4,READY,22,76,182,182
269,1,READY,22,28,196,196
269,3,RUNNING,60,78,96,96
269,5,TERMINATED,23,23,124,124
269,2,TERMINATED,130,130,13,13
270,4,READY,22,76,182,182
270,1,READY,22,28,196,196
270,3,RUNNING,61,78,96,96
270,5,TERMINATED,23,23,124,124
270,2,TERMINATED,130,130,13,13
271,4,READY,22,76,182,182
271,1,READY,22,28,196,196
271,3,RUNNING,62,78,96,96
271,5,TERMINATED,23,23,124,124
271,2,TERMINATED,130,130,13,13
272,4,READY,22,76,182,182
272,1,READY,22,28,196,196
272,3,READY,63,78,96,96
272,5,TERMINATED,23,23,124,124
272,2,TERMINATED,130,130,13,13
273,1,READY,22,28,196,196
273,3,READY,63,78,96,96
273,4,RUNNING,23,76,182,182
273,5,TERMINATED,23,23,124,124
273,2,TERMINATED,130,130,13,13
274,1,READY,22,28,196,196
274,3,READY,63,78,96,96
274,4,RUNNING,24,76,182,182
274,5,TERMINATED,23,23,124,124
274,2,TERMINATED,130,130,13,13
275,1,READY,22,28,196,196
275,3,READY,63,78,96,96
275,4,RUNNING,25,76,182,182
275,5,TERMINATED,23,23,124,124
275,2,TERMINATED,130,130,13,13
276,1,READY,22,28,196,196
276,3,READY,63,78,96,96
276,4,RUNNING,26,76,182,182
276,5,TERMINATED,23,23,124,124
276,2,TERMINATED,130,130,13,13
277,1,READY,22,28,196,196
277,3,READY,63,78,96,96
277,4,READY,27,76,182,182
277,5,TERMINATED,23,23,124,124
277,2,TERMINATED,130,130,13,13
278,3,READY,63,78,96,96
278,4,READY,27,76,182,182
278,1,RUNNING,23,28,196,196
278,5,TERMINATED,23,23,124,124
278,2,TERMINATED,130,130,13,13
279,3,READY,63,78,96,96
279,4,READY,27,76,182,182
279,1,RUNNING,24,28,196,196
279,5,TERMINATED,23,23,124,124
279,2,TERMINATED,130,130,13,13
280,3,READY,63,78,96,96
280,4,READY,27,76,182,182
280,1,RUNNING,25,28,196,196
280,5,TERMINATED,23,23,124,124
280,2,TERMINATED,130,130,13,13
281,3,READY,63,78,96,96
281,4,READY,27,76,182,182
281,1,RUNNING,26,28,196,196
281,5,TERMINATED,23,23,124,124
281,2,TERMINATED,130,130,13,13
282,3,READY,63,78,96,96
282,4,READY,27,76,182,182
282,1,READY,27,28,196,196
282,5,TERMINATED,23,23,124,124
282,2,TERMINATED,130,130,13,13
283,4,READY,27,76,182,182
283,1,READY,27,28,196,196
283,3,RUNNING,64,78,96,96
283,5,TERMINATED,23,23,124,124
283,2,TERMINATED,130,130,13,13
284,4,READY,27,76,182,182
284,1,READY,27,28,196,196
284,3,RUNNING,65,78,96,96
284,5,TERMINATED,23,23,124,124
284,2,TERMINATED,130,130,13,13
285,4,READY,27,76,182,182
285,1,READY,27,28,196,196
285,3,RUNNING,66,78,96,96
285,5,TERMINATED,23,23,124,124
285,2,TERMINATED,130,130,13,13
286,4,READY,27,76,182,182
286,1,READY,27,28,196,196
286,3,RUNNING,67,78,96,96
286,5,TERMINATED,23,23,124,124
286,2,TERMINATED,130,130,13,13
287,4,READY,27,76,182,182
287,1,READY,27,28,196,196
287,3,READY,68,78,96,96
287,5,TERMINATED,23,23,124,124
287,2,TERMINATED,130,130,13,13
288,1,READY,27,28,196,196
288,3,READY,68,78,96,96
288,4,RUNNING,28,76,182,182
288,5,TERMINATED,23,23,124,124
288,2,TERMINATED,130,130,13,13
289,1,READY,27,28,196,196
289,3,READY,68,78,96,96
289,4,RUNNING,29,76,182,182
289,5,TERMINATED,23,23,124,124
289,2,TERMINATED,130,130,13,13
290,1,READY,27,28,196,196
290,3,READY,68,78,96,96
290,4,RUNNING,30,76,182,182
290,5,TERMINATED,23,23,124,124
290,2,TERMINATED,130,130,13,13
291,1,READY,27,28,196,196
291,3,READY,68,78,96,96
291,4,RUNNING,31,76,182,182
291,5,TERMINATED,23,23,124,124
291,2,TERMINATED,130,130,13,13
292,1,READY,27,28,196,196
292,3,READY,68,78,96,96
292,4,READY,32,76,182,182
292,5,TERMINATED,23,23,124,124
292,2,TERMINATED,130,130,13,13
293,3,READY,68,78,96,96
293,4,READY,32,76,182,182
293,5,TERMINATED,23,23,124,124
293,2,TERMINATED,130,130,13,13
293,1,TERMINATED,28,28,196,196
294,4,READY,32,76,182,182
294,3,RUNNING,69,78,96,96
294,5,TERMINATED,23,23,124,124
294,2,TERMINATED,130,130,13,13
294,1,TERMINATED,28,28,196,196
295,4,READY,32,76,182,182
295,3,RUNNING,70,78,96,96
295,5,TERMINATED,23,23,124,124
295,2,TERMINATED,130,130,13,13
295,1,TERMINATED,28,28,196,196
296,4,READY,32,76,182,182
296,3,RUNNING,71,78,96,96
296,5,TERMINATED,23,23,124,124
296,2,TERMINATED,130,130,13,13
296,1,TERMINATED,28,28,196,196
297,4,READY,32,76,182,182
297,3,RUNNING,72,78,96,96
297,5,TERMINATED,23,23,124,124
297,2,TERMINATED,130,130,13,13
297,1,TERMINATED,28,28,196,196
298,4,READY,32,76,182,182
298,3,READY,73,78,96,96
298,5,TERMINATED,23,23,124,124
298,2,TERMINATED,130,130,13,13
298,1,TERMINATED,28,28,196,196
299,3,READY,73,78,96,96
299,4,RUNNING,33,76,182,182
299,5,TERMINATED,23,23,124,124
299,2,TERMINATED,130,130,13,13
299,1,TERMINATED,28,28,196,196
300,3,READY,73,78,96,96
300,4,RUNNING,34,76,182,182
300,5,TERMINATED,23,23,124,124
300,2,TERMINATED,130,130,13,13
300,1,TERMINATED,28,28,196,196
301,3,READY,73,78,96,96
301,4,RUNNING,35,76,182,182
301,5,TERMINATED,23,23,124,124
301,2,TERMINATED,130,130,13,13
301,1,TERMINATED,28,28,196,196
302,3,READY,73,78,96,96
302,4,RUNNING,36,76,182,182
302,5,TERMINATED,23,23,124,124
302,2,TERMINATED,130,130,13,13
302,1,TERMINATED,28,28,196,196
303,3,READY,73,78,96,96
303,4,READY,37,76,182,182
303,5,TERMINATED,23,23,124,124
303,2,TERMINATED,130,130,13,13
303,1,TERMINATED,28,28,196,196
304,4,READY,37,76,182,182
304,3,RUNNING,74,78,96,96
304,5,TERMINATED,23,23,124,124
304,2,TERMINATED,130,130,13,13
304,1,TERMINATED,28,28,196,196
305,4,READY,37,76,182,182
305,3,RUNNING,75,78,96,96
305,5,TERMINATED,23,23,124,124
305,2,TERMINATED,130,130,13,13
305,1,TERMINATED,28,28,196,196
306,4,READY,37,76,182,182
306,3,RUNNING,76,78,96,96
306,5,TERMINATED,23,23,124,124
306,2,TERMINATED,130,130,13,13
306,1,TERMINATED,28,28,196,196
307,4,READY,37,76,182,182
307,3,RUNNING,77,78,96,96
307,5,TERMINATED,23,23,124,124
307,2,TERMINATED,130,130,13,13
307,1,TERMINATED,28,28,196,196
308,4,READY,37,76,182,182
308,5,TERMINATED,23,23,124,124
308,2,TERMINATED,130,130,13,13
308,1,TERMINATED,28,28,196,196
308,3,TERMINATED,78,78,96,96
309,4,RUNNING,38,76,182,182
309,5,TERMINATED,23,23,124,124
309,2,TERMINATED,130,130,13,13
309,1,TERMINATED,28,28,196,196
309,3,TERMINATED,78,78,96,96
310,4,RUNNING,39,76,182,182
310,5,TERMINATED,23,23,124,124
310,2,TERMINATED,130,130,13,13
310,1,TERMINATED,28,28,196,196
310,3,TERMINATED,78,78,96,96
311,4,RUNNING,40,76,182,182
311,5,TERMINATED,23,23,124,124
311,2,TERMINATED,130,130,13,13
311,1,TERMINATED,28,28,196,196
311,3,TERMINATED,78,78,96,96
312,4,RUNNING,41,76,182,182
312,5,TERMINATED,23,23,124,124
312,2,TERMINATED,130,130,13,13
312,1,TERMINATED,28,28,196,196
312,3,TERMINATED,78,78,96,96
313,4,RUNNING,42,76,182,182
313,5,TERMINATED,23,23,124,124
313,2,TERMINATED,130,130,13,13
313,1,TERMINATED,28,28,196,196
313,3,TERMINATED,78,78,96,96
314,4,RUNNING,43,76,182,182
314,5,TERMINATED,23,23,124,124
314,2,TERMINATED,130,130,13,13
314,1,TERMINATED,28,28,196,196
314,3,TERMINATED,78,78,96,96
315,4,RUNNING,44,76,182,182
315,5,TERMINATED,23,23,124,124
315,2,TERMINATED,130,130,13,13
315,1,TERMINATED,28,28,196,196
315,3,TERMINATED,78,78,96,96
316,4,RUNNING,45,76,182,182
316,5,TERMINATED,23,23,124,124
316,2,TERMINATED,130,130,13,13
316,1,TERMINATED,28,28,196,196
316,3,TERMINATED,78,78,96,96
317,4,RUNNING,46,76,182,182
317,5,TERMINATED,23,23,124,124
317,2,TERMINATED,130,130,13,13
317,1,TERMINATED,28,28,196,196
317,3,TERMINATED,78,78,96,96
318,4,RUNNING,47,76,182,182
318,5,TERMINATED,23,23,124,124
318,2,TERMINATED,130,130,13,13
318,1,TERMINATED,28,28,196,196
318,3,TERMINATED,78,78,96,96
319,4,RUNNING,48,76,182,182
319,5,TERMINATED,23,23,124,124
319,2,TERMINATED,130,130,13,13
319,1,TERMINATED,28,28,196,196
319,3,TERMINATED,78,78,96,96
320,4,RUNNING,49,76,182,182
320,5,TERMINATED,23,23,124,124
320,2,TERMINATED,130,130,13,13
320,1,TERMINATED,28,28,196,196
320,3,TERMINATED,78,78,96,96
321,4,RUNNING,50,76,182,182
321,5,TERMINATED,23,23,124,124
321,2,TERMINATED,130,130,13,13
321,1,TERMINATED,28,28,196,196
321,3,TERMINATED,78,78,96,96
322,4,RUNNING,51,76,182,182
322,5,TERMINATED,23,23,124,124
322,2,TERMINATED,130,130,13,13
322,1,TERMINATED,28,28,196,196
322,3,TERMINATED,78,78,96,96
323,4,RUNNING,52,76,182,182
323,5,TERMINATED,23,23,124,124
323,2,TERMINATED,130,130,13,13
323,1,TERMINATED,28,28,196,196
323,3,TERMINATED,78,78,96,96
324,4,RUNNING,53,76,182,182
324,5,TERMINATED,23,23,124,124
324,2,TERMINATED,130,130,13,13
324,1,TERMINATED,28,28,196,196
324,3,TERMINATED,78,78,96,96
325,4,RUNNING,54,76,182,182
325,5,TERMINATED,23,23,124,124
325,2,TERMINATED,130,130,13,13
325,1,TERMINATED,28,28,196,196
325,3,TERMINATED,78,78,96,96
326,4,RUNNING,55,76,182,182
326,5,TERMINATED,23,23,124,124
326,2,TERMINATED,130,130,13,13
326,1,TERMINATED,28,28,196,196
326,3,TERMINATED,78,78,96,96
327,4,RUNNING,56,76,182,182
327,5,TERMINATED,23,23,124,124
327,2,TERMINATED,130,130,13,13
327,1,TERMINATED,28,28,196,196
327,3,TERMINATED,78,78,96,96
328,4,RUNNING,57,76,182,182
328,5,TERMINATED,23,23,124,124
328,2,TERMINATED,130,130,13,13
328,1,TERMINATED,28,28,196,196
328,3,TERMINATED,78,78,96,96
329,4,RUNNING,58,76,182,182
329,5,TERMINATED,23,23,124,124
329,2,TERMINATED,130,130,13,13
329,1,TERMINATED,28,28,196,196
329,3,TERMINATED,78,78,96,96
330,4,RUNNING,59,76,182,182
330,5,TERMINATED,23,23,124,124
330,2,TERMINATED,130,130,13,13
330,1,TERMINATED,28,28,196,196
330,3,TERMINATED,78,78,96,96
331,4,RUNNING,60,76,182,182
331,5,TERMINATED,23,23,124,124
331,2,TERMINATED,130,130,13,13
331,1,TERMINATED,28,28,196,196
331,3,TERMINATED,78,78,96,96
332,4,RUNNING,61,76,182,182
332,5,TERMINATED,23,23,124,124
332,2,TERMINATED,130,130,13,13
332,1,TERMINATED,28,28,196,196
332,3,TERMINATED,78,78,96,96
333,4,RUNNING,62,76,182,182
333,5,TERMINATED,23,23,124,124
333,2,TERMINATED,130,130,13,13
333,1,TERMINATED,28,28,196,196
333,3,TERMINATED,78,78,96,96
334,4,RUNNING,63,76,182,182
334,5,TERMINATED,23,23,124,124
334,2,TERMINATED,130,130,13,13
334,1,TERMINATED,28,28,196,196
334,3,TERMINATED,78,78,96,96
335,4,RUNNING,64,76,182,182
335,5,TERMINATED,23,23,124,124
335,2,TERMINATED,130,130,13,13
335,1,TERMINATED,28,28,196,196
335,3,TERMINATED,78,78,96,96
336,4,RUNNING,65,76,182,182
336,5,TERMINATED,23,23,124,124
336,2,TERMINATED,130,130,13,13
336,1,TERMINATED,28,28,196,196
336,3,TERMINATED,78,78,96,96
337,4,RUNNING,66,76,182,182
337,5,TERMINATED,23,23,124,124
337,2,TERMINATED,130,130,13,13
337,1,TERMINATED,28,28,196,196
337,3,TERMINATED,78,78,96,96
338,4,RUNNING,67,76,182,182
338,5,TERMINATED,23,23,124,124
338,2,TERMINATED,130,130,13,13
338,1,TERMINATED,28,28,196,196
338,3,TERMINATED,78,78,96,96
339,4,RUNNING,68,76,182,182
339,5,TERMINATED,23,23,124,124
339,2,TERMINATED,130,130,13,13
339,1,TERMINATED,28,28,196,196
339,3,TERMINATED,78,78,96,96
340,4,RUNNING,69,76,182,182
340,5,TERMINATED,23,23,124,124
340,2,TERMINATED,130,130,13,13
340,1,TERMINATED,28,28,196,196
340,3,TERMINATED,78,78,96,96
341,4,RUNNING,70,76,182,182
341,5,TERMINATED,23,23,124,124
341,2,TERMINATED,130,130,13,13
341,1,TERMINATED,28,28,196,196
341,3,TERMINATED,78,78,96,96
342,4,RUNNING,71,76,182,182
342,5,TERMINATED,23,23,124,124
342,2,TERMINATED,130,130,13,13
342,1,TERMINATED,28,28,196,196
342,3,TERMINATED,78,78,96,96
343,4,RUNNING,72,76,182,182
343,5,TERMINATED,23,23,124,124
343,2,TERMINATED,130,130,13,13
343,1,TERMINATED,28,28,196,196
343,3,TERMINATED,78,78,96,96
344,4,RUNNING,73,76,182,182
344,5,TERMINATED,23,23,124,124
344,2,TERMINATED,130,130,13,13
344,1,TERMINATED,28,28,196,196
344,3,TERMINATED,78,78,96,96
345,4,RUNNING,74,76,182,182
345,5,TERMINATED,23,23,124,124
345,2,TERMINATED,130,130,13,13
345,1,TERMINATED,28,28,196,196
345,3,TERMINATED,78,78,96,96
346,4,RUNNING,75,76,182,182
346,5,TERMINATED,23,23,124,124
346,2,TERMINATED,130,130,13,13
346,1,TERMINATED,28,28,196,196
346,3,TERMINATED,78,78,96,96
347,5,TERMINATED,23,23,124,124
347,2,TERMINATED,130,130,13,13
347,1,TERMINATED,28,28,196,196
347,3,TERMINATED,78,78,96,96
347,4,TERMINATED,76,76,182,182
